2018-07-01T03:04:01.39,703500.0,703500.0,703400.0,1.38,0.05,1955.23866601,1673.06470995,5510.76303456
2018-07-01T03:04:58.75,703581.0,703581.0,703500.0,0.0007324,0.013,1953.61613371,1683.37120488,5503.49684585
2018-07-01T03:05:59.8,703731.0,703995.0,703731.0,0.0100324,0.0094724,1950.52910505,1683.54464417,5502.29649858
2018-07-01T03:06:59.443,704019.0,704047.0,703947.0,0.0100324,0.01,1954.71595143,1683.81219802,5504.78907362
2018-07-01T03:07:59.303,704047.0,704047.0,703996.0,3.24e-05,0.4153,1949.78124704,1678.14516763,5499.48147097
2018-07-01T03:08:59.057,704098.0,704098.0,703999.0,0.124659,0.06,1953.5308213,1681.73564902,5499.29087177
2018-07-01T03:09:59.51,704099.0,704145.0,704049.0,0.08258142,0.4503,1952.4766623,1679.83664938,5499.16408733
2018-07-01T03:10:58.763,704459.0,704459.0,704309.0,0.12458847,1.0011,1945.08318688,1680.08344907,5500.19168072
2018-07-01T03:11:59.327,704500.0,704498.0,704251.0,0.48,0.0100329,1950.41817528,1679.89214917,5500.70364912
2018-07-01T03:12:59.263,704515.0,704567.0,704400.0,0.0100324,0.04,1946.78993962,1678.39226614,5501.52145696
2018-07-01T03:13:59.533,704761.0,704879.0,704767.0,0.0100324,0.4382,1945.21538327,1679.78888986,5499.4448502
2018-07-01T03:14:59.517,705380.0,705451.0,705187.0,0.0100324,0.0100329,1947.11095786,1673.99368962,5502.53411854
2018-07-01T03:15:59.27,704803.0,704827.0,704803.0,0.0005324,0.0002,1945.5296607,1673.15926592,5505.18657001
2018-07-01T03:16:59.02,704879.0,704931.0,704879.0,0.0100324,0.001,1948.56066156,1676.16446589,5502.8493946
2018-07-01T03:17:59.087,704680.0,704680.0,704511.0,0.759,3.29e-05,1950.6352548,1672.22704911,5505.12004635
2018-07-01T03:18:58.95,704467.0,704510.0,704467.0,0.4999671,0.001,1907.08995933,1676.44118089,5504.39588295
2018-07-01T03:19:59.84,704619.0,704671.0,704355.0,0.0100324,3.29e-05,1954.33464276,1678.54737804,5504.57127248
2018-07-01T03:20:59.247,704995.0,705000.0,704771.0,5.7300648,0.0100329,1951.6754129,1685.12996767,5504.68555248
2018-07-01T03:21:59.84,704983.0,704983.0,704719.0,0.0090324,0.0100329,1955.68791303,1684.9975677,5504.08658538
2018-07-01T03:22:59.733,704667.0,704931.0,704667.0,0.0100324,0.006714,1954.27383971,1677.7879587,5503.61647008
2018-07-01T03:23:59.61,704667.0,704931.0,704667.0,0.0100324,0.018,1962.15048415,1679.30139663,5492.91619784
2018-07-01T03:24:59.86,704698.0,704931.0,704667.0,0.0100324,0.0195,1962.62385673,1679.12399637,5479.95756731
2018-07-01T03:25:58.907,704771.0,704771.0,704757.0,3.2644671,0.50000013,1963.62008595,1680.30889086,5481.52687013
2018-07-01T03:26:59.25,704771.0,704771.0,704615.0,2.12424823,0.00163416,1965.92657147,1676.06955797,5472.22856932
2018-07-01T03:27:59.707,704771.0,704771.0,704582.0,0.02804823,0.3989,1963.31237108,1670.20617891,5466.1932928
2018-07-01T03:28:59.27,705000.0,705000.0,704835.0,0.61536581,0.4221,1958.92870413,1674.269551,5458.17899641
2018-07-01T03:29:59.443,705000.0,705000.0,704819.0,0.08936581,0.4089,1958.63054813,1675.87114558,5413.51611026
2018-07-01T03:30:59.867,704927.0,705000.0,704875.0,0.0226,0.0100329,1957.93528206,1675.02761246,5395.40260013
2018-07-01T03:31:58.933,705009.0,705080.0,705009.0,0.9,0.001,1959.77800592,1675.46621259,5391.66010466
2018-07-01T03:32:59.183,704815.0,704933.0,704772.0,0.76778542,0.00158,1956.92679134,1674.21912781,5393.04830986
2018-07-01T03:33:59.62,704407.0,704671.0,704407.0,0.0100324,0.0071974,1958.30007831,1677.98397835,5389.74529
2018-07-01T03:34:58.637,704600.0,704827.0,704563.0,0.0200324,0.0100329,1958.98756838,1673.66498142,5386.71685642
2018-07-01T03:35:59.153,704445.0,704671.0,704407.0,0.0100324,0.0900329,1957.48286799,1674.39239846,5385.48872917
2018-07-01T03:36:59.59,704439.0,704723.0,704425.0,0.0100324,0.01,1957.66033585,1674.20052449,5382.52558026
2018-07-01T03:37:59.323,704719.0,704983.0,704786.0,0.0100324,0.3,1958.89766023,1676.31059926,5381.21924737
2018-07-01T03:56:59.567,704500.0,704500.0,704421.0,0.09497042,0.50000013,1963.44169421,1674.75407024,5077.69010704
2018-07-01T03:57:59.8,704827.0,704827.0,704687.0,3.24e-05,0.3,1962.28293752,1676.73047022,5071.61286894
2018-07-01T03:58:59.677,704568.0,704863.0,704563.0,0.3723,0.0100329,1961.72394112,1675.76973132,5042.40855781
2018-07-01T03:59:59.333,704510.0,704718.0,704510.0,0.051,3.29e-05,1958.55238002,1678.02199428,5025.45568918
2018-07-01T04:00:59.333,704619.0,704671.0,704355.0,0.0100324,3.29e-05,1959.04360833,1680.55436118,4998.41438296
2018-07-01T04:01:59.833,704100.0,704344.0,704119.0,1.0,0.1,1960.03560872,1676.01447131,4983.94823306
2018-07-01T04:02:59.29,704122.0,704359.0,704122.0,0.0100324,0.0003,1964.37538522,1677.33307049,4972.16751424
2018-07-01T04:03:59.603,704255.0,704255.0,704001.0,0.0095995,0.3117,1962.04858472,1637.14047016,4966.58730473
2018-07-01T04:04:59.457,704307.0,704410.0,704147.0,0.29997,0.0100329,1961.49607872,1680.77510419,4956.98147341
2018-07-01T04:05:59.567,703991.0,704200.0,703948.0,0.48,0.1907,1970.79084522,1679.48843457,4951.27823862
2018-07-01T04:06:58.893,703835.0,703995.0,703835.0,0.01,3.29e-05,1964.14741246,1678.66293437,4946.23800502
2018-07-01T04:07:59.393,703980.0,703980.0,703743.0,0.327,1.10000026,1963.82704122,1680.49170176,4935.04679698
2018-07-01T04:08:59.067,704000.0,704000.0,703781.0,1.1808,0.2462,1960.94540872,1683.9130315,4919.85023476
2018-07-01T04:09:59.933,704203.0,704203.0,704084.0,3.24e-05,0.1215675,1932.99470872,1688.13539917,4919.9240586
2018-07-01T04:10:59.257,704255.0,704255.0,704110.0,0.03,0.3,1953.59567632,1683.41556914,4907.49114256
2018-07-01T04:11:59.087,704178.0,704295.0,704000.0,0.1845,0.01,1954.18807593,1692.20925914,4900.9526809
2018-07-01T04:12:59.163,704000.0,704000.0,703939.0,0.5907,0.0100329,1955.56327619,1690.37573848,4893.29424728
2018-07-01T04:13:59.553,704027.0,704000.0,703900.0,0.018,0.03,1956.10372317,1678.42100884,4885.52922046
2018-07-01T04:14:59.15,703998.0,704000.0,703900.0,0.288,0.001,1957.66721093,1685.06203923,4879.78167935
2018-07-01T04:15:59.477,703980.0,703980.0,703731.0,0.06009011,0.0094724,1956.90481341,1683.28700633,4869.04698017
2018-07-01T04:16:59.01,703978.0,703980.0,703731.0,0.3458348,0.0094724,1956.15493571,1674.65295633,4858.96639373
2018-07-01T04:17:59.59,704100.0,704203.0,704100.0,0.0100324,0.2351676,1956.55921106,1683.86385928,4853.20411283
2018-07-01T04:18:58.667,703917.0,703943.0,703675.0,0.0100324,0.3635,1954.4068909,1680.79871527,4845.08432714
2018-07-01T04:19:59.903,703726.0,703726.0,703680.0,0.01,0.3635,1957.13461092,1683.20848799,4836.86910484
2018-07-01T04:21:02.217,703674.0,703726.0,703674.0,0.0086,0.00035846,1954.7593648,1674.40872039,4828.82090731
2018-07-01T04:21:59.517,703661.0,703726.0,703627.0,0.0086,0.0100329,1956.34006479,1679.19369539,4826.66064327
2018-07-01T04:22:59.297,703602.0,703757.0,703600.0,1.0,0.51,1952.96660813,1677.34229623,4816.37711255
2018-07-01T04:23:59.207,703287.0,703475.0,703287.0,0.0100324,0.09,1951.8569108,1664.87408406,4812.71930446
2018-07-01T04:24:59.66,703735.0,703735.0,703602.0,3.24e-05,0.13284077,1951.22031067,1668.89429078,4804.75347482
2018-07-01T04:26:00.867,703902.0,703943.0,703692.0,0.0100324,0.70026597,1949.54661106,1686.14855963,4794.97122733
2018-07-01T04:26:58.993,703575.0,703679.0,703575.0,0.02,3.29e-05,1952.22675467,1684.88729359,4788.71991412
2018-07-01T04:27:59.587,703575.0,703679.0,703608.0,0.02,0.3,1952.92385467,1688.88049401,4776.73750518
2018-07-01T04:28:59.013,703863.0,704039.0,703769.0,0.009999,0.3,1958.89918326,1688.02544638,4770.18073708
2018-07-01T04:29:58.92,703939.0,704142.0,703939.0,0.74397,0.0009329,1957.52198093,1691.18322868,4759.87175393
2018-07-01T04:30:59.547,704155.0,704174.0,704014.0,0.2,0.2309,1957.20411093,1688.34029601,4746.45874086
2018-07-01T04:31:59.063,704412.0,704412.0,704227.0,0.1103,0.3,1952.46795299,1682.40639349,4734.46627734
2018-07-01T04:32:59.597,704408.0,704671.0,704407.0,0.0100324,0.0100329,1952.26903703,1683.26931873,4721.80238805
2018-07-01T04:33:59.817,704911.0,704879.0,704865.0,0.09999,1.0,1958.17881539,1686.62178335,4715.73478209
2018-07-01T04:34:59.13,704782.0,705000.0,704834.0,0.15,1.0,1957.98729839,1661.93139656,4711.26524825
2018-07-01T04:36:03.55,704699.0,704931.0,704699.0,0.0100324,0.001,1961.20967058,1678.17059697,4707.76778304
2018-07-01T04:37:59.867,704728.0,704827.0,704753.0,0.0100324,0.34,1959.88234145,1680.36069719,4684.98693444
2018-07-01T04:38:59.523,705240.0,705242.0,704996.0,0.422517,1.0,1958.14725919,1680.38623913,4676.05488971
2018-07-01T04:39:59.463,704771.0,705035.0,704771.0,0.0100324,1.0000329,1961.25675919,1683.25323977,4671.0866856
2018-07-01T04:40:59.76,704719.0,704970.0,704667.0,0.3825,0.0100329,1957.46153811,1676.69496404,4665.47566892
2018-07-01T04:41:59.247,704667.0,704813.0,704615.0,0.48,0.0100329,1958.83788211,1682.3116068,4654.00427352
2018-07-01T04:42:59.26,704815.0,704815.0,704516.0,0.028887,0.01,1962.97538237,1683.89360686,4640.21928349
2018-07-01T04:43:59.87,704459.0,704661.0,704459.0,0.57398671,0.0086658,1969.87759548,1686.34527272,4629.16611834
2018-07-01T04:44:59.277,704459.0,704723.0,704459.0,0.0100324,0.0373316,1968.71919099,1684.72893813,4591.64759729
2018-07-01T04:45:59.45,704407.0,704407.0,704400.0,0.1290355,0.02,1970.18780017,1687.02663988,4578.8145986
2018-07-01T04:46:58.683,704058.0,704307.0,704043.0,0.0100324,0.0100329,1969.13357446,1683.3224398,4562.47096451
2018-07-01T04:47:59.2,704314.0,704359.0,704314.0,0.0100324,0.0955462,1970.10473802,1681.70908872,4563.20717748
2018-07-01T04:48:59.763,704314.0,704359.0,704095.0,0.0100324,0.0100329,1967.74993775,1686.60644256,4545.25246456
2018-07-01T04:49:59.123,704095.0,704359.0,704043.0,0.0100324,0.0100329,1966.22204083,1684.14640979,4530.51360916
2018-07-01T04:51:02.703,704515.0,704567.0,704303.0,0.0100324,0.0100329,1963.37724349,1690.46609928,4512.89507054
2018-07-01T04:51:59.39,704567.0,704567.0,704341.0,3.24e-05,0.48,1965.92021375,1691.03559941,4503.17353437
2018-07-01T04:52:59.19,704303.0,704300.0,704259.0,0.7046181,0.50000013,1969.35792958,1686.14330691,4492.80149082
2018-07-01T04:53:59.707,704515.0,704578.0,704262.0,0.3,0.338,1967.22205269,1682.92130665,4482.28062821
2018-07-01T04:54:59.033,704261.0,704514.0,704264.0,0.3,0.34126666,1968.61195308,1684.08367357,4471.22449675
2018-07-01T04:55:59.173,704251.0,704463.0,704199.0,0.0100324,0.0100329,1968.51801242,1683.10757347,4466.19605289
2018-07-01T04:56:58.8,704462.0,704459.0,704200.0,0.13873334,0.001,1968.45688242,1690.30154347,4446.6653763
2018-07-01T04:57:59.957,704514.0,704514.0,704278.0,0.029,0.28,1967.05027908,1691.57554344,4444.2757584
2018-07-01T04:58:59.847,704355.0,704514.0,704470.0,0.029,1.0,1967.21027908,1684.61520704,4433.94848412
2018-07-01T04:59:59.177,704719.0,704839.0,704719.0,0.06314934,3.29e-05,1966.23649283,1688.79185638,4430.59542561
2018-07-01T05:00:59.007,704879.0,704879.0,704615.0,2.4e-06,3.29e-05,1963.79736283,1692.41565683,4413.70867007
2018-07-01T05:01:58.96,704667.0,704924.0,704667.0,0.2699,3.29e-05,1966.40989322,1685.56915746,4410.08629273
2018-07-01T05:02:59.197,704563.0,704775.0,704511.0,0.0100324,0.0100329,1965.30689296,1692.38971689,4399.36472438
2018-07-01T05:04:00.29,704775.0,704775.0,704511.0,0.0086324,0.0100329,1965.54158375,1693.29269689,4389.83104207
2018-07-01T05:04:58.853,704775.0,704775.0,704511.0,0.0229324,0.0100329,1966.31703296,1682.4547865,4384.16407329
2018-07-01T05:05:59.137,704827.0,704827.0,704641.0,0.0015324,0.29,1963.83148388,1692.48218752,4374.39372531
2018-07-01T05:06:59.823,704641.0,704879.0,704641.0,0.0100324,0.2,1964.99110043,1692.20418726,4367.21426281
2018-07-01T05:07:59.73,704563.0,704820.0,704563.0,0.2699,3.29e-05,1968.70110082,1685.28619686,4353.21518972
2018-07-01T05:08:59.033,704459.0,704723.0,704459.0,0.0100324,0.0096329,1968.18210082,1691.78498692,4336.81310278
2018-07-01T05:09:59.633,704459.0,704563.0,704459.0,0.0124671,3.29e-05,1967.24248605,1692.69915706,4330.50459694
2018-07-01T05:11:00.01,704303.0,704563.0,704560.0,0.0110671,0.3,1967.53121604,1685.59736689,4323.30890582
2018-07-01T05:11:59.62,704708.0,704775.0,704459.0,0.0100324,0.0100329,1966.95821908,1692.64162094,4319.73155188
2018-07-01T05:12:59.2,704667.0,704671.0,704615.0,0.0100324,3.29e-05,1967.61748388,1694.81638798,4303.75974064
2018-07-01T05:14:00.827,704877.0,704879.0,704563.0,0.0100324,6.58e-05,1965.11871869,1686.10400342,4291.60011789
2018-07-01T05:14:59.03,704615.0,704775.0,704511.0,0.0100324,0.0100329,1968.20928388,1693.81715378,4277.6624432
2018-07-01T05:15:59.907,704615.0,704775.0,704563.0,0.0100324,0.01,1965.63420973,1691.61305339,4268.74208077
2018-07-01T05:16:59.237,704996.0,705000.0,704771.0,3.0999,0.0100329,1966.36138388,1685.17360327,4263.67201584
2018-07-01T05:17:59.283,704719.0,704983.0,704667.0,0.0100324,0.0100329,1965.66878349,1693.15204079,4255.16505425
2018-07-01T05:19:02.163,704614.0,704619.0,704355.0,0.0100324,0.0100329,1969.59236868,1682.14574185,4255.50770993
2018-07-01T05:19:58.853,704698.0,704717.0,704515.0,0.74903703,0.4885,1971.71642104,1684.79909653,4246.51449974
2018-07-01T05:20:59.057,704717.0,704717.0,704525.0,0.14903703,0.5035,1968.25642078,1692.25904653,4238.10050542
2018-07-01T05:21:59.027,704723.0,704775.0,704547.0,0.0100324,0.43419259,1965.37525889,1694.01653938,4225.61321809
2018-07-01T05:22:59.667,705000.0,705000.0,704771.0,0.63989381,0.0100329,1960.56637743,1685.21099635,4220.4791434
2018-07-01T05:23:59.103,705120.0,705120.0,704875.0,0.0202324,3.29e-05,1961.95774832,1690.65035399,4211.99465573
2018-07-01T05:24:58.983,705088.0,705081.0,704875.0,1.0,0.0100329,1962.2406381,1693.8445995,4203.92568592
2018-07-01T05:25:58.877,704893.0,704930.0,704823.0,0.508,3.29e-05,1960.03905362,1688.06029632,4195.8370113
2018-07-01T05:26:59.113,705001.0,705034.0,705000.0,0.01,5.18900745,1961.18875375,1697.905294,4191.27320024
2018-07-01T05:27:59.69,705002.0,705139.0,705068.0,2.4e-06,0.3,1962.72375375,1702.23729413,4162.54195042
2018-07-01T05:28:59.817,705000.0,705139.0,705000.0,2.4e-06,3.4293895,1965.84375388,1691.48048592,4153.26548052
2018-07-01T05:29:59.85,706332.0,706332.0,706199.0,0.0438,0.72,1947.56990318,1696.33956575,4164.49087948
2018-07-01T05:30:59.007,705793.0,705793.0,705551.0,2.5481,0.0100329,1948.60508748,1669.90843887,4168.80249605
2018-07-01T05:31:58.787,705135.0,705134.0,705133.0,0.4999671,0.01,1945.42338158,1662.62232061,4161.71071326
2018-07-01T05:32:58.897,704615.0,704879.0,704638.0,0.0100324,1.185733,1958.98534487,1687.18572161,4151.87860277
2018-07-01T05:33:59.81,704879.0,704879.0,704638.0,0.0086324,1.106733,1956.38193094,1685.27083122,4140.54957953
2018-07-01T05:34:59.31,704303.0,704522.0,704251.0,1.0,0.0100329,1962.51279867,1675.93930879,4141.14537085
2018-07-01T05:35:59.017,704569.0,704671.0,704475.0,3.24e-05,0.4416,1924.91942366,1690.93182873,4134.04003574
2018-07-01T05:36:58.907,704563.0,704872.0,704459.0,0.4224,0.0100329,1964.10249814,1692.67636284,4126.25207219
2018-07-01T05:37:59.64,704496.0,704723.0,704459.0,0.0100324,0.0100329,1952.74166067,1685.52249857,4115.74477558
2018-07-01T05:38:59.563,704471.0,704723.0,704555.0,0.0100324,0.3,1961.66158592,1691.88074831,4097.40890852
2018-07-01T05:39:59.783,704864.0,704868.0,704615.0,0.499,3.29e-05,1964.16575761,1692.44224861,4076.57646889
2018-07-01T05:40:59.097,704871.0,705087.0,704870.0,0.0100324,0.3104,1954.80948492,1665.28039056,4055.26801815
2018-07-01T05:41:59.22,704869.0,705000.0,704864.0,0.01,0.4,1955.24698492,1671.1582333,4041.29291091
2018-07-01T05:42:59.223,704831.0,705000.0,704831.0,0.01,0.2,1955.68985218,1669.60623317,4028.80518086
2018-07-01T05:43:58.85,705000.0,704999.0,704831.0,0.29997,0.01,1954.72795466,1665.97208537,4022.43835046
2018-07-01T05:44:59.31,704667.0,704888.0,704731.0,0.06,0.021,1954.14535218,1684.20024841,4015.26278186
2018-07-01T05:45:59.17,705603.0,705763.0,705603.0,0.30799546,0.00020129,1938.27076125,1679.36024625,4015.08487224
2018-07-01T05:46:59.043,706187.0,706231.0,705967.0,0.0100324,0.0100329,1945.4180926,1678.96365897,4009.87052176
2018-07-01T05:47:58.983,705934.0,706908.0,706601.0,0.0100324,0.798,1936.92446579,1659.0718225,4015.67892668
2018-07-01T05:48:59,706896.0,706888.0,706643.0,0.9645,0.0100329,1921.48398461,1647.06576797,4048.17268146
2018-07-01T05:49:59.727,705767.0,706000.0,705768.0,2.03,0.3218,1918.58879397,1649.0291351,4049.2269227
2018-07-01T05:50:59.633,706278.0,706281.0,706278.0,0.13,0.01,1911.51241835,1655.49109922,4045.87774708
2018-07-01T05:51:59.353,706023.0,706023.0,705950.0,3.24e-05,0.126,1935.53859177,1665.46114488,4037.18940433
2018-07-01T05:52:59.027,705916.0,706179.0,705920.0,0.0100324,0.6693,1944.53802429,1656.95855193,4032.02237662
2018-07-01T05:53:59.31,706350.0,706350.0,706279.0,0.58,0.1600329,1949.20052429,1675.67278159,4025.93502729
2018-07-01T05:54:59.597,705868.0,705913.0,705722.0,0.15,0.672555,1950.64025531,1672.55790482,4022.15054677
2018-07-01T05:55:58.77,705881.0,705971.0,705871.0,3.24e-05,0.01,1924.05964309,1674.84832261,4022.63054677
2018-07-01T05:56:59.097,706112.0,705998.0,705849.0,0.3,0.184,1928.62992575,1682.11729975,4018.95112757
2018-07-01T05:57:58.63,706143.0,706143.0,705852.0,1.09918813,0.4847,1957.03290975,1680.55303291,4003.83954487
2018-07-01T05:58:59.05,706252.0,706252.0,706175.0,0.26,0.0483329,1957.37041602,1675.9732227,4003.0662858
2018-07-01T05:59:58.943,705850.0,706111.0,705850.0,0.6348,0.0415316,1955.70608616,1661.92538891,3998.24685929
2018-07-01T06:00:59.897,706196.0,705990.0,705919.0,0.3,0.0100324,1959.53975389,1667.77965144,3987.70894636
2018-07-01T06:01:59.21,705882.0,706000.0,705882.0,0.01,0.38,1959.83278802,1674.9091233,3976.82589213
2018-07-01T06:02:58.993,706491.0,706491.0,706228.0,0.0015324,0.7721,1960.09756823,1673.54512306,3979.37738525
2018-07-01T06:03:59.477,706845.0,706844.0,706638.0,0.34,0.118,1944.08754192,1672.83341401,3992.15584998
2018-07-01T06:04:59.697,707116.0,707147.0,706921.0,0.4975,0.04,1951.97382657,1641.51825985,3992.14038424
2018-07-01T06:05:59.307,706885.0,707012.0,706756.0,0.0100324,0.47923885,1953.18072696,1651.4050114,3991.47077739
2018-07-01T06:06:59.887,706747.0,706747.0,706695.0,0.0899342,3.29e-05,1957.23417516,1667.21934261,3980.75367733
2018-07-01T06:07:59.657,706591.0,706856.0,706591.0,0.0086324,0.1400329,1957.17037696,1667.08224134,3979.0754914
2018-07-01T06:08:58.843,707300.0,707300.0,707209.0,0.25933,0.7103,1954.10363936,1668.65997383,3970.1500105
2018-07-01T06:09:59.61,707109.0,707108.0,707059.0,0.15,0.1500329,1948.30279651,1634.93738853,3971.51263062
2018-07-01T06:10:59.8,707040.0,707059.0,706857.0,0.1,0.50000013,1949.61683638,1621.95989865,3972.08781722
2018-07-01T06:11:59.85,706903.0,706903.0,706857.0,0.082,0.14,1956.888302,1649.36014119,3970.28757892
2018-07-01T06:12:59.817,706903.0,706961.0,706851.0,0.6167,3.29e-05,1957.89493226,1625.28550959,3967.99561312
2018-07-01T06:13:59.787,706493.0,706751.0,706491.0,0.5414324,0.2900658,1958.99996226,1649.20620859,3970.98684205
2018-07-01T06:15:00.023,706459.0,706458.0,706227.0,0.5926,0.0100329,1959.54012023,1649.2795232,3974.39573003
2018-07-01T06:16:00.977,706594.0,706602.0,706459.0,9.72e-05,0.1,1958.09178529,1656.86405561,3972.58783296
2018-07-01T06:16:59.353,706459.0,706531.0,706460.0,0.3,0.50000013,1961.33167436,1650.27477781,3967.39650321
2018-07-01T06:17:59.417,705655.0,705814.0,705655.0,0.3,0.00720657,1956.09064003,1646.44107151,3968.51382805
2018-07-01T06:18:59.997,705640.0,705855.0,705640.0,1.68354245,0.41605,1943.69204261,1631.14423556,3965.15945959
2018-07-01T06:19:59.593,705424.0,705933.0,705433.0,0.5475,0.1667,1953.23714741,1661.05436366,3963.91541898
2018-07-01T06:20:59.343,706023.0,705999.0,705759.0,0.58,0.0100329,1956.0973113,1658.61920623,3962.02606898
2018-07-01T06:21:59.797,705863.0,706127.0,705759.0,0.0100324,0.0100329,1954.0084817,1659.94867356,3959.08550923
2018-07-01T06:22:58.953,706015.0,706029.0,705811.0,1.0,0.0100329,1953.23353234,1655.16774347,3958.04532798
2018-07-01T06:23:59.707,705811.0,706075.0,705811.0,0.0100324,3.29e-05,1957.4989026,1655.16945246,3956.42826508
2018-07-01T06:24:59.347,706075.0,706127.0,705815.0,0.0027969,0.01,1952.67994581,1661.59438246,3954.06424312
2018-07-01T06:25:59.363,706179.0,706231.0,706000.0,0.0100324,0.19179,1953.2801822,1661.46973198,3951.47287307
2018-07-01T06:26:59.19,706387.0,706387.0,706285.0,0.0100324,0.23047606,1952.6690646,1663.03999732,3949.45827467
2018-07-01T06:27:59.597,706383.0,706575.0,706383.0,0.62,3.29e-05,1956.71990813,1661.09588023,3947.85567181
2018-07-01T06:28:59.567,706500.0,706636.0,706500.0,1.0,0.59,1954.12031346,1660.73314571,3948.46150467
2018-07-01T06:29:59.35,706500.0,706611.0,706500.0,0.45,0.4497,1952.99531996,1663.57942132,3947.17097087
2018-07-01T06:30:59.02,706383.0,706417.0,706383.0,1.0,0.0060658,1954.22963354,1657.22142591,3944.74607307
2018-07-01T06:31:59.093,706043.0,706084.0,706043.0,0.5,0.0040329,1951.42595476,1665.72972918,3941.1311002
2018-07-01T06:32:59.03,706000.0,706000.0,705915.0,0.8904342,0.0100329,1948.00438896,1661.83379595,3940.6201665
2018-07-01T06:33:59.657,706026.0,706022.0,705915.0,0.48,0.0100329,1951.95671452,1657.4601413,3939.89877892
2018-07-01T06:34:59.207,706071.0,706071.0,706019.0,0.0899671,0.0100329,1957.48657653,1658.59974153,3942.79194892
2018-07-01T06:35:59.677,706540.0,706543.0,706402.0,0.0091944,0.13490477,1952.62127239,1656.17007573,3942.46375522
2018-07-01T06:36:59.787,706866.0,707000.0,706966.0,0.1,0.342,1945.26520605,1653.07954659,3947.76661696
2018-07-01T06:37:59.023,706643.0,706693.0,706622.0,0.01,0.008,1928.89565605,1656.55371302,3948.14411692
2018-07-01T06:38:59.65,706943.0,707168.0,706903.0,0.0100324,0.0100329,1945.74371147,1664.7372349,3946.6758479
2018-07-01T06:39:59.55,706695.0,706829.0,706591.0,0.07684797,0.0100329,1951.89721147,1663.17766919,3945.78615779
2018-07-01T06:40:59.457,706656.0,706651.0,706435.0,0.48,3.29e-05,1955.45321186,1656.92311578,3945.42158676
2018-07-01T06:41:58.867,706654.0,706655.0,706435.0,0.04852196,3.29e-05,1955.06909985,1657.9271459,3943.94148806
2018-07-01T06:42:59.617,706655.0,706655.0,706654.0,0.03252196,0.1,1954.95609782,1658.99519793,3940.09689635
2018-07-01T06:43:58.883,706654.0,706655.0,706654.0,0.014,0.0009676,1936.79669547,1657.28373263,3938.74962875
2018-07-01T06:44:59.34,706751.0,706751.0,706654.0,0.00763374,0.0059676,1954.78123001,1664.64486273,3936.50079005
2018-07-01T06:45:59.057,706279.0,706513.0,706279.0,0.54884797,3.29e-05,1953.10783014,1662.16837599,3936.07515765
2018-07-01T06:46:59.247,706279.0,706333.0,706279.0,0.1,0.48,1954.32138217,1662.55142296,3935.59332475
2018-07-01T06:47:58.983,706333.0,706543.0,706279.0,0.0100324,0.26,1953.71182988,1663.28206915,3934.94179185
2018-07-01T06:48:59.39,706543.0,706543.0,706331.0,0.017,0.0100329,1957.70598217,1665.57269349,3934.74529185
2018-07-01T06:49:59.373,706060.0,706283.0,706019.0,0.0100324,0.0100329,1960.58198178,1664.02434017,3933.79806672
2018-07-01T06:50:59.53,706283.0,706335.0,706060.0,0.0100324,1.0,1958.55954579,1667.23237056,3933.27809912
2018-07-01T06:51:59.757,706439.0,706491.0,706350.0,0.0100324,0.1317676,1957.82957858,1667.40619804,3931.52114634
2018-07-01T06:52:59.68,706203.0,706191.0,706000.0,0.51297367,0.232,1960.32590413,1664.64611033,3934.31878711
2018-07-01T06:53:59.367,706183.0,706231.0,706001.0,0.0100324,0.1167,1958.58190426,1667.11087033,3932.78741257
2018-07-01T06:54:59.057,706143.0,706231.0,706143.0,3.24e-05,0.99,1958.93773072,1666.32593046,3930.67533777
2018-07-01T06:55:58.793,706283.0,706283.0,706143.0,6.48e-05,0.6764,1956.56296286,1663.78881017,3930.72993777
2018-07-01T06:56:59.64,705707.0,705749.0,705707.0,2.4979342,3.29e-05,1959.57363226,1659.65269061,3931.94438417
2018-07-01T06:57:59.533,705494.0,705419.0,705321.0,0.48,0.001,1956.11357586,1647.85955932,3930.77949751
2018-07-01T06:58:59.987,705005.0,705035.0,704771.0,0.0100324,0.0100329,1949.25107298,1641.02224184,3928.68615041
2018-07-01T06:59:59.94,705087.0,705139.0,704928.0,0.0100324,0.10576934,1950.31199671,1655.83537168,3923.9066583
2018-07-01T07:00:58.83,705291.0,705398.0,705291.0,0.13070172,3.29e-05,1953.33001417,1650.45044154,3924.11726022
2018-07-01T07:01:59.567,705711.0,705763.0,705528.0,0.0100324,0.60000013,1950.66419358,1648.73802132,3924.27278635
2018-07-01T07:02:59.27,705971.0,706023.0,705723.0,0.0100324,0.01,1947.05025992,1650.0856213,3923.37093949
2018-07-01T07:03:59.13,706594.0,706594.0,706331.0,0.103751,0.0100329,1946.40642785,1649.21028894,3924.85164864
2018-07-01T07:04:59.147,706098.0,706382.0,706084.0,0.049,0.51473438,1953.78752178,1650.4598591,3924.51112424
2018-07-01T07:05:59.287,706000.0,706231.0,706000.0,0.0100324,0.0311,1954.38132217,1654.50026619,3922.96079241
2018-07-01T07:06:58.707,705914.0,706127.0,705863.0,0.0100324,0.0100329,1948.45072217,1652.68882586,3921.13224249
2018-07-01T07:07:59.38,705811.0,706023.0,705759.0,0.0600324,0.0100329,1947.65630917,1643.40446841,3915.04052085
2018-07-01T07:08:59.76,705815.0,705919.0,705655.0,0.0100324,2.9e-06,1949.5486893,1648.18944466,3910.87208138
2018-07-01T07:09:59.073,705611.0,705971.0,705609.0,0.0100324,0.48694687,1946.03445364,1648.81524453,3907.93391439
2018-07-01T07:10:58.777,705967.0,706231.0,705918.0,0.0100324,0.47867787,1947.78352617,1648.45621018,3904.55928197
2018-07-01T07:11:59.683,705793.0,706023.0,705759.0,0.0100324,0.0100329,1949.5269507,1648.16187281,3903.44392224
2018-07-01T07:12:59.06,705655.0,706011.0,705655.0,0.56132213,6.63e-05,1946.00378057,1649.25419533,3894.74019307
2018-07-01T07:14:00,705655.0,705838.0,705603.0,0.3972,2.9e-06,1949.38067657,1653.10503769,3889.1051843
2018-07-01T07:14:59.483,705448.0,705500.0,705447.0,0.05,0.0100329,1951.4974407,1647.51722185,3884.64282728
2018-07-01T07:15:58.937,705665.0,705919.0,705665.0,0.0100324,0.95126234,1945.18165418,1654.76187407,3882.20830773
2018-07-01T07:16:59.267,705670.0,705919.0,705676.0,0.0100324,0.31867787,1947.02867657,1656.69179207,3881.04824193
2018-07-01T07:17:58.987,705680.0,705919.0,705676.0,0.0100324,0.23867787,1950.16438057,1654.5224622,3878.7596547
2018-07-01T07:18:59.72,705678.0,705919.0,705674.0,0.0100324,2.051,1948.05235431,1658.25347394,3878.7456547
2018-07-01T07:19:59.423,706020.0,706021.0,705759.0,0.09,0.0100329,1949.1676767,1662.83753183,3877.0175279
2018-07-01T07:20:59.67,705915.0,706020.0,705915.0,0.01,0.0031,1948.6666443,1663.54693183,3875.0355274
2018-07-01T07:21:59.253,706231.0,706283.0,706026.0,6.48e-05,0.01,1949.76345457,1663.06485186,3874.71053047
2018-07-01T07:22:59.597,706473.0,706473.0,706402.0,0.10019887,0.0061,1946.28001577,1662.00849669,3874.78740578
2018-07-01T07:23:59.333,706285.0,706543.0,706281.0,0.0100324,0.3436,1944.14822178,1658.94196422,3873.57598938
2018-07-01T07:24:59.693,706280.0,706300.0,706123.0,0.05,0.0100329,1946.15111664,1660.63853874,3872.24620598
2018-07-01T07:25:59.413,706035.0,706300.0,706036.0,0.642788,0.13,1946.22297738,1659.07625249,3871.37081356
2018-07-01T07:26:58.557,706021.0,706036.0,705863.0,0.3398,0.0078658,1944.13856125,1661.76046446,3870.36377869
2018-07-01T07:27:59.9,706037.0,706075.0,705811.0,0.0100324,0.0100329,1943.96638938,1659.73295228,3874.22879203
2018-07-01T07:28:59.107,706075.0,706127.0,705830.0,0.0100324,1.90000039,1946.58895737,1663.25355646,3871.32762688
2018-07-01T07:29:59.967,706079.0,706127.0,705867.0,0.0100324,0.0283,1947.56806317,1666.34891627,3870.73379398
2018-07-01T07:30:59.58,706079.0,706127.0,705867.0,0.0100324,0.0283,1950.97222743,1661.97690264,3870.12789457
2018-07-01T07:31:59.597,706273.0,706297.0,706080.0,0.3799,0.50000013,1951.71413377,1661.69536634,3870.59689457
2018-07-01T07:32:58.91,706273.0,706300.0,706273.0,0.001,0.787,1948.28891591,1661.85473315,3866.39207233
2018-07-01T07:33:59.41,706290.0,706290.0,706084.0,0.50206903,0.2693,1947.19250081,1669.80201631,3863.57580189
2018-07-01T07:34:59.083,706098.0,706335.0,706071.0,0.0100324,0.0100329,1948.39011253,1669.33765631,3862.19583572
2018-07-01T07:35:58.383,706156.0,706335.0,706156.0,0.33818737,1.09000026,1948.50988714,1669.77403628,3857.88457975
2018-07-01T07:36:59.773,706738.0,706751.0,706487.0,0.00763374,0.0100329,1944.94564467,1667.94351562,3858.71634572
2018-07-01T07:37:59.383,706487.0,706731.0,706435.0,0.76527,0.0048658,1943.76064294,1666.69748288,3857.95328392
2018-07-01T07:38:59.917,706700.0,706734.0,706648.0,0.5117,0.001,1946.07026018,1669.01161577,3856.96607432
2018-07-01T07:39:59.107,706500.0,706500.0,706487.0,0.536,0.0100329,1944.77926044,1668.56145577,3857.37829984
2018-07-01T07:40:59.53,706279.0,706497.0,706279.0,0.4866,3.29e-05,1944.28405265,1666.97801589,3857.06547917
2018-07-01T07:41:59.093,706175.0,706436.0,706175.0,0.4166,0.00129267,1947.63766557,1666.00821546,3857.0932523
2018-07-01T07:42:59.423,706468.0,706469.0,706227.0,0.48,0.0100329,1943.32745265,1668.41619592,3853.74506587
2018-07-01T07:43:59.173,706356.0,706500.0,706499.0,0.443305,0.7,1941.90356518,1668.4481755,3851.92823297
2018-07-01T07:44:59.83,706543.0,706699.0,706543.0,0.0100324,0.0545,1943.93626018,1665.91189657,3849.54268672
2018-07-01T07:45:59.113,706700.0,706611.0,706550.0,1.0,0.2,1940.36005218,1667.78519541,3848.49569472
2018-07-01T07:46:58.847,706550.0,706735.0,706543.0,0.1383244,0.0545,1942.11347205,1662.40036869,3843.93970792
2018-07-01T07:47:59.847,706550.0,706487.0,706468.0,0.05,0.0071,1944.24927179,1665.1993958,3837.28521281
2018-07-01T07:48:58.99,706470.0,706487.0,706470.0,0.046,0.07,1943.71247192,1665.9690958,3834.06944262
2018-07-01T07:49:59.147,706487.0,706647.0,706383.0,0.0100324,0.0100329,1944.92647179,1665.51352875,3833.19697552
2018-07-01T07:50:58.943,706490.0,706543.0,706383.0,1.0,0.00342949,1945.53344205,1663.32512495,3827.40992844
2018-07-01T07:51:59.257,706379.0,706514.0,706331.0,0.48,0.0100329,1950.11486605,1657.40370547,3826.6727119
2018-07-01T07:52:59.757,706179.0,706179.0,705928.0,0.012,0.2458,1954.85109365,1660.02787614,3827.6869443
2018-07-01T07:53:59.633,706231.0,706283.0,706190.0,0.0100324,0.038,1946.75837166,1666.935509,3824.78375695
2018-07-01T07:54:59.71,706190.0,706257.0,706190.0,0.3296,0.37568478,1951.64978497,1661.43639105,3824.65607217
2018-07-01T07:55:58.853,706387.0,706439.0,706388.0,0.0100324,1.0199676,1946.62103365,1652.25345606,3825.1767402
2018-07-01T07:56:59.4,705971.0,706070.0,705971.0,0.01,0.0009716,1950.6676336,1653.6984422,3828.09697587
2018-07-01T07:57:59.4,706081.0,706082.0,705769.0,0.01,0.01,1951.37819058,1653.50005617,3828.53905864
2018-07-01T07:58:59.9,706082.0,706127.0,706082.0,0.0100324,0.01,1909.56568497,1661.58858653,3828.04905864
2018-07-01T07:59:59.743,706082.0,706127.0,706082.0,0.0100324,0.11,1956.75668484,1654.13484054,3824.34802574
2018-07-01T08:00:58.98,705830.0,705830.0,705760.0,0.299,0.01,1953.98846542,1654.6784735,3821.64852394
2018-07-01T08:02:00.013,705505.0,705815.0,705504.0,0.0090324,0.3814,1954.15668458,1656.15348671,3820.07311438
2018-07-01T08:02:59.92,705867.0,705919.0,705815.0,0.0100324,0.00048638,1955.79915257,1655.15338583,3820.5985604
2018-07-01T08:03:59.623,705815.0,705919.0,705815.0,0.0100324,0.39048638,1952.70441218,1657.6865057,3815.77300947
2018-07-01T08:04:59.717,705745.0,705745.0,705603.0,0.84,0.0100329,1955.38926657,1650.92586385,3815.59436425
2018-07-01T08:05:58.937,705749.0,705971.0,705750.0,0.0100324,0.1978,1951.48937858,1651.04486368,3814.81903615
2018-07-01T08:06:59.42,705747.0,705971.0,705749.0,0.0100324,0.72686344,1954.60388897,1653.89612697,3812.78603615
2018-07-01T08:07:59.33,705749.0,705971.0,705749.0,0.0100324,0.17186344,1955.82417871,1655.00312736,3811.26203602
2018-07-01T08:08:59.173,705749.0,705971.0,705749.0,0.0100324,0.18,1958.6586877,1654.90292639,3810.145056
2018-07-01T08:09:59.443,705747.0,705971.0,705747.0,0.0100324,3.2502,1959.07127114,1653.56412639,3805.215056
2018-07-01T08:10:59.773,705706.0,705706.0,705655.0,0.05,0.0100329,1953.54861473,1655.63177603,3808.26222384
2018-07-01T08:11:59.04,705867.0,705881.0,705655.0,0.3471,0.0100329,1957.32707873,1651.33269352,3806.34781826
2018-07-01T08:12:59.57,705603.0,705815.0,705593.0,0.0100324,0.3,1954.01045103,1660.30749648,3803.59566186
2018-07-01T08:13:59.447,705781.0,705971.0,705655.0,0.0100324,0.0100329,1960.23479302,1652.83948986,3803.70890658
2018-07-01T08:14:59.727,705663.0,705900.0,705685.0,0.410457,0.367,1960.07606646,1651.68892603,3802.84439189
2018-07-01T08:15:59.807,705661.0,705959.0,705661.0,0.004,0.29,1959.83152646,1653.38792642,3801.69689189
2018-07-01T08:16:59.2,705605.0,705815.0,705603.0,0.0100324,0.3941408,1959.29946007,1652.53406689,3799.16297857
2018-07-01T08:17:59.577,705700.0,705699.0,705604.0,0.419097,1.10000026,1960.9060202,1649.79019228,3795.05681357
2018-07-01T08:18:59.113,705600.0,705699.0,705600.0,0.134859,0.01416593,1958.00098981,1648.09059228,3794.24437877
2018-07-01T08:19:58.837,705551.0,705689.0,705551.0,0.273178,3.29e-05,1959.21367981,1648.59322609,3793.5715447
2018-07-01T08:20:59.687,705554.0,705700.0,705551.0,0.225,0.74,1957.95329994,1644.95450539,3793.87199846
2018-07-01T08:21:59.563,705800.0,706075.0,705759.0,0.0100324,0.0100329,1953.82732338,1649.38437819,3790.54464268
2018-07-01T08:22:59.097,706099.0,706190.0,705899.0,0.04,0.3651,1958.81300252,1651.83450544,3790.7742723
2018-07-01T08:23:58.94,706099.0,706184.0,705880.0,0.01,0.3701,1966.87248952,1652.47260544,3788.93700012
2018-07-01T08:24:59.727,706189.0,706189.0,705967.0,0.000878,0.0100329,1960.32491847,1651.24330499,3788.11448734
2018-07-01T08:25:59.54,706225.0,706221.0,705967.0,0.288,0.0100329,1965.03526161,1652.77140538,3781.36994718
2018-07-01T08:26:59.04,705967.0,706194.0,705915.0,0.3,0.0100329,1966.81298161,1651.80027248,3777.59017592
2018-07-01T08:27:59.637,705967.0,706218.0,705915.0,0.01,0.0100329,1964.10158761,1651.26810248,3774.2985798
2018-07-01T08:28:59.043,705967.0,706110.0,705967.0,2.097,0.013,1963.55858748,1653.59494209,3769.43271412
2018-07-01T08:29:59.793,705967.0,706105.0,705967.0,0.5,0.001,1966.09758761,1653.93201502,3763.68861273
2018-07-01T08:30:59.59,705888.0,706102.0,705888.0,0.368,0.1152,1969.25905707,1648.06623711,3758.94661383
2018-07-01T08:31:58.963,706104.0,706104.0,705888.0,0.31521694,0.0352,1962.54610416,1653.78700672,3756.06881578
2018-07-01T08:32:59.217,706101.0,706096.0,705878.0,0.2578,0.07730108,1966.76401671,1648.29670103,3754.02334637
2018-07-01T08:33:59.543,706099.0,706103.0,705811.0,0.3238,0.0100329,1964.98801392,1648.45627998,3748.85663902
2018-07-01T08:34:59.643,706175.0,706404.0,706175.0,0.3609,3.29e-05,1962.6097386,1650.64067016,3743.43869209
2018-07-01T08:35:59.677,706175.0,706387.0,706175.0,0.0100324,0.39,1964.74711671,1655.45227516,3739.30438773
2018-07-01T08:36:59.397,706100.0,706387.0,706071.0,0.0100324,0.0100329,1963.87587181,1656.07053729,3734.10787223
2018-07-01T08:37:59.573,706129.0,706283.0,706032.0,0.0100324,0.1942,1963.84442768,1659.03401986,3732.58104193
2018-07-01T08:38:59.29,706298.0,706439.0,706298.0,0.82940255,0.18800854,1963.01355741,1662.38952377,3727.9225506
2018-07-01T08:39:59.81,706439.0,706439.0,706261.0,0.45644508,0.357,1962.80906741,1663.89893513,3725.80689889
2018-07-01T08:40:59.623,706495.0,706500.0,706495.0,0.36753227,0.49,1960.24955713,1661.09060999,3724.22164397
2018-07-01T08:41:59.127,706500.0,706543.0,706337.0,0.0100324,0.3,1961.28125486,1662.3899752,3723.88803145
2018-07-01T08:43:00.457,706332.0,706595.0,706332.0,0.0100324,0.365435,1961.19609549,1664.55079415,3701.96282628
2018-07-01T08:43:59.457,706230.0,706543.0,706250.0,0.6499324,0.1444,1962.21595447,1663.9529773,3693.49877983
2018-07-01T08:44:58.91,706499.0,706499.0,706279.0,0.4112,0.0100329,1962.33848726,1661.51694981,3692.99861197
2018-07-01T08:46:00.633,706700.0,706699.0,706487.0,0.3062,0.0100329,1941.06425473,1662.26977482,3686.53571633
2018-07-01T08:46:59.883,706453.0,706595.0,706453.0,0.5200324,0.521,1966.61425206,1662.51380978,3685.6761054
2018-07-01T08:47:59.243,706595.0,706595.0,706453.0,0.1210324,0.52,1965.92498433,1657.19037475,3682.6787725
2018-07-01T08:48:59.227,706900.0,706900.0,706643.0,0.42326574,0.0100329,1957.69424913,1660.6930746,3684.66776944
2018-07-01T08:49:59.087,706721.0,706900.0,706720.0,0.39326274,0.563,1960.77724626,1662.1383546,3681.50805693
2018-07-01T08:50:59.137,706550.0,706792.0,706550.0,0.08034102,0.0544,1958.78099126,1665.52471403,3683.6353691
2018-07-01T08:51:59.87,706550.0,706550.0,706540.0,2.0146,0.021,1960.96808037,1663.59447505,3685.0587691
2018-07-01T08:52:59.123,706301.0,706331.0,706300.0,0.6799342,2.83,1961.07151431,1659.01091481,3684.19516879
2018-07-01T08:53:59.437,706100.0,706100.0,706071.0,4.5540042,0.0100329,1966.55911996,1632.74104213,3687.20520808
2018-07-01T08:54:59.67,706000.0,706000.0,705953.0,0.22,0.2,1962.24542607,1628.91917064,3690.44474796
2018-07-01T08:55:59.733,706000.0,706127.0,705953.0,0.0100324,0.30003,1961.15347087,1635.47198225,3694.78084496
2018-07-01T08:56:59.22,706674.0,706756.0,706591.0,1.0,3.29e-05,1960.63689411,1631.31308222,3689.23040416
2018-07-01T08:57:59.02,706674.0,706674.0,706542.0,0.2805,0.50000013,1958.63516011,1638.8228722,3684.17158757
2018-07-01T08:58:58.787,706850.0,706742.0,706591.0,0.088,0.0100329,1962.76796037,1636.15815178,3683.83008757
2018-07-01T08:59:59.353,706487.0,706573.0,706487.0,0.0899671,0.0400329,1962.78374072,1638.43294551,3681.55812034
2018-07-01T09:00:59.15,706487.0,706751.0,706436.0,0.0100324,0.416,1963.80976024,1636.14190599,3680.16098968
2018-07-01T09:01:59.87,706491.0,706543.0,706279.0,0.0100324,0.0100329,1962.11655998,1617.44142576,3677.35751946
2018-07-01T09:02:59.9,706491.0,706543.0,706279.0,0.0100324,0.0100329,1962.52227375,1616.05945914,3676.79638656
2018-07-01T09:03:59.873,706342.0,706387.0,706232.0,0.0100324,0.498,1961.86804901,1610.19068936,3678.01149393
2018-07-01T09:04:59.333,706439.0,706439.0,706232.0,0.35386428,0.488,1960.89156929,1613.49909917,3678.04169445
2018-07-01T09:05:59.867,706500.0,706500.0,706491.0,0.03916529,0.05,1961.680243,1616.67741904,3675.36473352
2018-07-01T09:06:58.977,706595.0,706595.0,706492.0,0.55923009,0.14,1962.35230793,1619.27701937,3675.46525087
2018-07-01T09:07:59.133,706699.0,706751.0,706570.0,0.0100324,0.01,1959.19797784,1619.53021918,3675.63563789
2018-07-01T09:08:59.167,706634.0,706624.0,706495.0,0.1,0.13,1961.59197797,1617.75811905,3673.77559622
2018-07-01T09:09:59.963,706595.0,706634.0,706500.0,0.2,0.3532,1961.74116561,1613.00599541,3661.98063565
2018-07-01T09:10:58.857,706850.0,706850.0,706597.0,0.7267648,0.4615,1961.52202638,1611.34930925,3660.50270275
2018-07-01T09:11:59.61,706772.0,706777.0,706626.0,1.365,0.4615,1943.03712492,1619.28660593,3658.47053565
2018-07-01T09:12:59.047,706777.0,706777.0,706613.0,0.25157475,1.10000026,1964.81270006,1620.63059632,3658.15874801
2018-07-01T09:13:59.067,706777.0,706777.0,706539.0,0.26355211,0.1400329,1966.81210089,1611.10906593,3658.36875201
2018-07-01T09:14:58.957,706492.0,706777.0,706614.0,0.15355211,0.13,1963.10942728,1618.69338342,3655.02708582
2018-07-01T09:15:59.317,706487.0,706459.0,706446.0,0.0397342,1.10000026,1960.18463368,1617.87744781,3649.87493289
2018-07-01T09:16:59.503,707000.0,707000.0,706751.0,2.5633748,1.0,1928.54942217,1621.18040687,3649.42181967
2018-07-01T09:17:59.303,706957.0,707198.0,706958.0,0.0161,0.4497,1929.1121269,1626.38090116,3653.76228523
2018-07-01T09:18:59.52,707149.0,707220.0,707064.0,0.0100324,0.3,1933.71352224,1671.15184701,3652.49603252
2018-07-01T09:19:58.787,707191.0,707260.0,707149.0,1.0,1.14,1966.41492237,1640.31424672,3653.37000466
2018-07-01T09:20:59.023,707008.0,707043.0,707008.0,1.0,0.96439847,1976.72382263,1660.92079131,3661.54133481
2018-07-01T09:21:58.37,707008.0,707072.0,707008.0,1.10000026,0.17389882,1974.79002263,1664.52965153,3662.45901275
2018-07-01T09:22:59.493,706643.0,706643.0,706591.0,0.0029671,0.0100329,1976.19533994,1630.22948274,3699.65786758
2018-07-01T09:23:59.7,706650.0,706650.0,706643.0,0.0009,0.203,1975.76396418,1628.05549528,3698.90486758
2018-07-01T09:24:59.763,706717.0,706733.0,706591.0,0.473,0.0100329,1975.24796379,1628.36175385,3697.62576758
2018-07-01T09:25:59.423,707012.0,706909.0,706733.0,0.4969,0.3,1974.75256405,1631.49265411,3694.58133958
2018-07-01T09:26:59.377,707012.0,706994.0,706773.0,0.42,0.3901,1971.57543615,1622.37391619,3694.4696158
2018-07-01T09:27:59.127,706953.0,706899.0,706695.0,0.3,3.29e-05,1974.28829654,1616.30523677,3690.62743739
2018-07-01T09:28:59.753,706501.0,706642.0,706500.0,0.3245,0.1,1987.31767661,1626.59110689,3688.2463782
2018-07-01T09:30:00.54,706500.0,706666.0,706435.0,1.5,0.0100329,1987.33118744,1625.26159399,3687.33995956
2018-07-01T09:30:59.383,706279.0,706543.0,706500.0,0.0100324,0.04,1985.31130165,1620.57499435,3681.43607858
2018-07-01T09:31:59.917,706000.0,706231.0,706000.0,0.0100324,0.28150984,1988.92203832,1626.88914848,3678.86227832
2018-07-01T09:33:01.2,706054.0,706188.0,706000.0,0.5083,0.27150984,1988.59804738,1626.44752822,3678.61944136
2018-07-01T09:33:59.577,706000.0,706231.0,706002.0,0.0100324,0.04810906,1980.12308319,1628.66817122,3684.01043836
2018-07-01T09:35:00.013,706200.0,706283.0,706003.0,0.0100324,0.02112436,1983.77295828,1631.85826304,3684.59346309
2018-07-01T09:35:59.437,706001.0,706231.0,706001.0,3.24e-05,2.2154001,1969.5917778,1631.9537721,3688.66528578
2018-07-01T09:36:59.47,706003.0,706231.0,706003.0,3.24e-05,0.05992,1970.79615024,1630.42941171,3686.82071998
2018-07-01T09:37:58.797,706003.0,706195.0,706003.0,0.4533,0.001,1973.51839424,1621.36766184,3686.73669625
2018-07-01T09:38:59.063,706002.0,706231.0,706003.0,3.24e-05,0.302,1968.18961072,1624.6986621,3685.47464625
2018-07-01T09:39:59.267,706003.0,706199.0,706003.0,0.4733,0.292,1975.92681238,1623.52001184,3675.85101859
2018-07-01T10:19:59.887,704945.0,704946.0,704800.0,0.3,0.12000013,1974.15096614,1596.08117886,3683.12602063
2018-07-01T10:20:59.357,704898.0,704931.0,704800.0,0.5,0.40700013,1974.19277436,1598.15353936,3682.7336967
2018-07-01T10:21:59.33,704789.0,704789.0,704626.0,0.01237,1.5085879,1977.6294666,1601.31167458,3684.09539494
2018-07-01T10:22:59.657,704787.0,704787.0,704563.0,0.17965648,0.0100329,1973.87712084,1602.11045394,3685.2086108
2018-07-01T10:23:59.377,704397.0,704519.0,704355.0,0.0998,3.29e-05,1973.68602566,1583.25030176,3686.69562987
2018-07-01T10:24:59.313,704459.0,704671.0,704407.0,0.0100324,0.1300329,1973.91387174,1584.60464641,3690.29999811
2018-07-01T10:25:59.16,704900.0,705028.0,704901.0,0.5205,0.5452,1972.38157449,1604.30903273,3690.63489343
2018-07-01T10:26:58.8,704900.0,705028.0,704771.0,0.3805,0.1300329,1971.21687436,1601.26922345,3692.65188658
2018-07-01T10:27:59.067,704907.0,705028.0,704800.0,0.3805,0.41,1972.38119506,1602.64422306,3692.93835418
2018-07-01T10:28:58.393,704821.0,705028.0,704830.0,0.3605,0.3,1970.53852467,1602.75262306,3690.68533317
2018-07-01T10:29:58.91,704843.0,705027.0,704843.0,0.08,0.11,1970.9657248,1604.09222344,3687.08833317
2018-07-01T10:30:58.613,704800.0,704843.0,704800.0,0.064,0.01,1973.33402493,1602.13422304,3685.32198928
2018-07-01T10:31:59.067,704500.0,704723.0,704500.0,0.0100324,0.5176658,1975.26362493,1601.13308941,3681.71101723
2018-07-01T10:32:59.677,704500.0,704615.0,704500.0,0.495,0.0306658,1975.1851308,1601.24208941,3681.2420484
2018-07-01T10:33:59.897,704618.0,704723.0,704583.0,0.0100324,0.3,1971.20013067,1606.87662348,3681.02701239
2018-07-01T10:34:59.413,704624.0,704723.0,704624.0,0.0100324,0.05,1971.05813067,1607.54761335,3680.29065299
2018-07-01T10:35:59.947,704500.0,704583.0,704500.0,1.0,4.39366893,1972.75603067,1607.93828254,3680.79391826
2018-07-01T10:36:59.593,704654.0,704716.0,704654.0,0.4261,0.005,1973.47613106,1608.49328254,3680.95390927
2018-07-01T10:37:59.123,704684.0,704684.0,704655.0,0.16997,0.025,1973.6731008,1612.91838215,3681.19590927
2018-07-01T10:38:59.517,704504.0,704723.0,704682.0,0.0100324,0.03,1973.39113106,1615.67308254,3682.19665974
2018-07-01T10:39:59.533,704717.0,704843.0,704717.0,0.064,0.21,1972.4145308,1612.56628206,3682.24863678
2018-07-01T10:40:59.813,704656.0,704717.0,704656.0,0.195,0.19900013,1975.41933106,1615.89428245,3682.74863678
2018-07-01T10:41:58.36,704615.0,704717.0,704615.0,0.195,0.1100329,1977.65853106,1615.75908245,3682.54863678
2018-07-01T10:42:59.347,704565.0,704760.0,704565.0,0.3812,1.0700329,1976.8345308,1610.94631499,3680.97863652
2018-07-01T10:43:59.72,704632.0,704723.0,704500.0,0.0100324,4.41246776,1977.50483093,1610.96408098,3671.05924606
2018-07-01T10:44:58.533,704598.0,704827.0,704565.0,0.0100324,0.2151,1976.68483106,1613.24918131,3667.41391827
2018-07-01T10:45:59.19,704601.0,704827.0,704581.0,0.0240324,0.29,1974.43633093,1612.44138092,3666.41483824
2018-07-01T10:46:59.66,704635.0,704827.0,704635.0,0.0240324,0.25,1977.39537067,1614.52038131,3666.42027831
2018-07-01T10:47:59.317,704636.0,704827.0,704636.0,0.0240324,1.10000026,1978.20137067,1625.38758131,3665.4316359
2018-07-01T10:48:59.13,704695.0,704842.0,704709.0,0.99,1.10000026,1977.16187067,1625.29918128,3664.94614914
2018-07-01T10:49:58.363,704771.0,704983.0,704735.0,0.0100324,0.2281,1977.23640397,1625.51628122,3664.38510855
2018-07-01T10:50:59.333,704997.0,704999.0,704997.0,0.37336531,0.09,1975.58333611,1625.78218119,3664.89151695
2018-07-01T10:51:59.693,705104.0,705200.0,705031.0,0.3,0.1100329,1975.97370899,1620.12218065,3664.32318086
2018-07-01T10:52:59.79,705083.0,705347.0,705031.0,0.0100324,0.0100329,1975.97339407,1621.84833359,3663.29218066
2018-07-01T10:53:59.62,704979.0,704999.0,704927.0,0.009,0.1100329,1979.12179407,1621.65514778,3663.57248291
2018-07-01T10:54:59.323,705244.0,705295.0,705136.0,3.24e-05,0.3,1974.17139394,1623.72424853,3662.57171531
2018-07-01T10:55:59.667,705300.0,705399.0,705135.0,0.0100324,0.1100329,1976.74039368,1621.54363343,3662.62978061
2018-07-01T10:56:59.293,705012.0,705290.0,704930.0,0.02,0.2593,1974.37879032,1622.36231524,3660.40768274
2018-07-01T10:57:59.467,705139.0,705295.0,705031.0,0.0050324,0.0100329,1981.33767606,1622.10971104,3663.94097044
2018-07-01T10:58:59.357,705187.0,705187.0,705000.0,0.57868628,0.005,1978.96489828,1600.12231068,3664.90514866
2018-07-01T10:59:58.937,705002.0,705243.0,705001.0,0.0100324,0.3732,1977.899112,1629.58763791,3667.37270823
2018-07-01T11:00:59.653,705347.0,705347.0,705254.0,3.24e-05,0.3,1963.39121239,1627.70476075,3666.72559172
2018-07-01T11:01:59.547,705200.0,705399.0,705146.0,0.0100324,0.2907,1982.5420796,1623.66474895,3669.81083772
2018-07-01T11:02:59.11,705187.0,705430.0,705135.0,0.02,0.0100329,1983.19482367,1628.75041641,3669.99990302
2018-07-01T11:03:59.39,705126.0,705347.0,705126.0,0.0100324,0.33795606,1985.39285007,1625.46544921,3669.20133062
2018-07-01T11:04:59.407,705209.0,705341.0,705211.0,0.02,0.48,1984.95043999,1617.53032703,3668.32796174
2018-07-01T11:05:59.52,705338.0,705347.0,705338.0,0.0100324,0.001,1984.89833373,1632.84141766,3667.26789594
2018-07-01T11:07:00.803,705291.0,705555.0,705291.0,0.0200324,3.29e-05,1986.17060581,1629.13743533,3667.38913312
2018-07-01T11:07:59.04,705280.0,705503.0,705359.0,0.0100324,0.3,1984.53768146,1633.23716813,3668.13207735
2018-07-01T11:08:58.917,705212.0,705491.0,705211.0,0.3496,1.27209024,1986.60546159,1630.87448454,3664.73108065
2018-07-01T11:09:59.75,705380.0,705451.0,705211.0,0.0300324,1.14209024,1983.78690733,1624.24841747,3659.88738678
2018-07-01T11:10:59.313,705209.0,705209.0,705187.0,0.00998676,0.0100329,1987.60583772,1619.24787615,3665.48540534
2018-07-01T11:11:59.863,705200.0,705209.0,705200.0,0.04,0.0300329,1988.22721735,1620.30307618,3660.85630814
2018-07-01T11:12:59.52,705399.0,705400.0,705200.0,0.0243,0.0110329,1985.30857493,1623.24969384,3662.29529546
2018-07-01T11:13:59.583,705203.0,705400.0,705203.0,0.0243,0.4327,1988.25236919,1623.63969384,3661.66226256
2018-07-01T11:14:59.913,705090.0,705347.0,705083.0,0.3500324,6.58e-05,1983.25388928,1620.47327595,3661.39349546
